{"": [1429.3, 91.3209, 9.724, 894.673, 20.16, "", 0.9937385663847698, 91.45965352593491, 9.890326873696111], "Expt Started": [1429.3, 91.3209, 9.724, 894.673, 20.16, "", 0.9937385663847698, 91.45965352593491, 9.890326873696111], "Max Drying Time": [1429.3, 91.3209, 9.724, 894.673, 20.16, "", 0.9937385663847698, 91.45965352593491, 9.890326873696111], "Drying Temp": [1429.3, 91.3209, 9.724, 894.673, 20.16, "", 0.9937385663847698, 91.45965352593491, 9.890326873696111], "Pres Steps": [1429.3, 91.3209, 9.724, 894.673, 20.16, "", 0.9937385663847698, 91.45965352593491, 9.890326873696111], "File Name": [1429.3, 91.3209, 9.724, 894.673, 20.16, "", 0.9937385663847698, 91.45965352593491, 9.890326873696111], "Run Started": [1429.3, 91.3209, 9.724, 894.673, 20.16, "", 0.9937385663847698, 91.45965352593491, 9.890326873696111], "Sample Lot #": [1429.3, 91.3209, 9.724, 894.673, 20.16, "", 0.9937385663847698, 91.45965352593491, 9.890326873696111], "Experiment ID": [1429.3, 91.3209, 9.724, 894.673, 20.16, "", 0.9937385663847698, 91.45965352593491, 9.890326873696111], "Experiment": [1429.3, 91.3209, 9.724, 894.673, 20.16, "", 0.9937385663847698, 91.45965352593491, 9.890326873696111], "Heating Rate": [1429.3, 91.3209, 9.724, 894.673, 20.16, "", 0.9937385663847698, 91.45965352593491, 9.890326873696111], "Equil Crit": [1429.3, 91.3209, 9.724, 894.673, 20.16, "", 0.9937385663847698, 91.45965352593491, 9.890326873696111], "rowDict Logging Interval": [1429.3, 91.3209, 9.724, 894.673, 20.16, "", 0.9937385663847698, 91.45965352593491, 9.890326873696111], "Operator": [1429.3, 91.3209, 9.724, 894.673, 20.16, "", 0.9937385663847698, 91.45965352593491, 9.890326873696111], "Run Temp": [1429.3, 91.3209, 9.724, 894.673, 20.16, "", 0.9937385663847698, 91.45965352593491, 9.890326873696111], "Sample Name": [1429.3, 91.3209, 9.724, 894.673, 20.16, "", 0.9937385663847698, 91.45965352593491, 9.890326873696111], "Notes": [1429.3, 91.3209, 9.724, 894.673, 20.16, "", 0.9937385663847698, 91.45965352593491, 9.890326873696111], "Adsorbate": [1429.3, 91.3209, 9.724, 894.673, 20.16, "", 0.9937385663847698, 91.45965352593491, 9.890326873696111], "Max Equil Time": [1429.3, 91.3209, 9.724, 894.673, 20.16, "", 0.9937385663847698, 91.45965352593491, 9.890326873696111]}